Cement (kg/m3),Blast Furnace Slag (kg/m3),Fly Ash (kg/m3),Water (kg/m3),Superplasticizer (kg/m3),Coarse Aggregate (kg/m3),Fine Aggregate (kg/m3),Age,Concrete_compressive_strength,Water/Cement
540,0,0,162,2.5,1040,676,28,79.99,0.3
540,0,0,162,2.5,1055,676,28,61.89,0.3
332.5,142.5,0,228,0,932,594,270,40.27,0.685714286
332.5,142.5,0,228,0,932,594,365,41.05,0.685714286
198.6,132.4,0,192,0,978.4,825.5,360,44.3,0.966767372
266,114,0,228,0,932,670,90,47.03,0.857142857
380,95,0,228,0,932,594,365,43.7,0.6
380,95,0,228,0,932,594,28,36.45,0.6
266,114,0,228,0,932,670,28,45.85,0.857142857
475,0,0,228,0,932,594,28,39.29,0.48
198.6,132.4,0,192,0,978.4,825.5,90,38.07,0.966767372
198.6,132.4,0,192,0,978.4,825.5,28,28.02,0.966767372
427.5,47.5,0,228,0,932,594,270,43.01,0.533333333
190,190,0,228,0,932,670,90,42.33,1.2
304,76,0,228,0,932,670,28,47.81,0.75
380,0,0,228,0,932,670,90,52.91,0.6
139.6,209.4,0,192,0,1047,806.9,90,39.36,1.375358166
342,38,0,228,0,932,670,365,56.14,0.666666667
380,95,0,228,0,932,594,90,40.56,0.6
475,0,0,228,0,932,594,180,42.62,0.48
427.5,47.5,0,228,0,932,594,180,41.84,0.533333333
139.6,209.4,0,192,0,1047,806.9,28,28.24,1.375358166
139.6,209.4,0,192,0,1047,806.9,3,8.06,1.375358166
139.6,209.4,0,192,0,1047,806.9,180,44.21,1.375358166
380,0,0,228,0,932,670,365,52.52,0.6
380,0,0,228,0,932,670,270,53.3,0.6
380,95,0,228,0,932,594,270,41.15,0.6
342,38,0,228,0,932,670,180,52.12,0.666666667
427.5,47.5,0,228,0,932,594,28,37.43,0.533333333
475,0,0,228,0,932,594,7,38.6,0.48
304,76,0,228,0,932,670,365,55.26,0.75
266,114,0,228,0,932,670,365,52.91,0.857142857
198.6,132.4,0,192,0,978.4,825.5,180,41.72,0.966767372
475,0,0,228,0,932,594,270,42.13,0.48
190,190,0,228,0,932,670,365,53.69,1.2
237.5,237.5,0,228,0,932,594,270,38.41,0.96
237.5,237.5,0,228,0,932,594,28,30.08,0.96
332.5,142.5,0,228,0,932,594,90,37.72,0.685714286
475,0,0,228,0,932,594,90,42.23,0.48
237.5,237.5,0,228,0,932,594,180,36.25,0.96
342,38,0,228,0,932,670,90,50.46,0.666666667
427.5,47.5,0,228,0,932,594,365,43.7,0.533333333
237.5,237.5,0,228,0,932,594,365,39,0.96
380,0,0,228,0,932,670,180,53.1,0.6
427.5,47.5,0,228,0,932,594,90,41.54,0.533333333
427.5,47.5,0,228,0,932,594,7,35.08,0.533333333
349,0,0,192,0,1047,806.9,3,15.05,0.550143266
380,95,0,228,0,932,594,180,40.76,0.6
237.5,237.5,0,228,0,932,594,7,26.26,0.96
380,95,0,228,0,932,594,7,32.82,0.6
332.5,142.5,0,228,0,932,594,180,39.78,0.685714286
190,190,0,228,0,932,670,180,46.93,1.2
237.5,237.5,0,228,0,932,594,90,33.12,0.96
304,76,0,228,0,932,670,90,49.19,0.75
139.6,209.4,0,192,0,1047,806.9,7,14.59,1.375358166
198.6,132.4,0,192,0,978.4,825.5,7,14.64,0.966767372
475,0,0,228,0,932,594,365,41.93,0.48
198.6,132.4,0,192,0,978.4,825.5,3,9.13,0.966767372
304,76,0,228,0,932,670,180,50.95,0.75
332.5,142.5,0,228,0,932,594,28,33.02,0.685714286
304,76,0,228,0,932,670,270,54.38,0.75
266,114,0,228,0,932,670,270,51.73,0.857142857
310,0,0,192,0,971,850.6,3,9.87,0.619354839
190,190,0,228,0,932,670,270,50.66,1.2
266,114,0,228,0,932,670,180,48.7,0.857142857
342,38,0,228,0,932,670,270,55.06,0.666666667
139.6,209.4,0,192,0,1047,806.9,360,44.7,1.375358166
332.5,142.5,0,228,0,932,594,7,30.28,0.685714286
190,190,0,228,0,932,670,28,40.86,1.2
485,0,0,146,0,1120,800,28,71.99,0.301030928
374,189.2,0,170.1,10.1,926.1,756.7,3,34.4,0.454812834
313.3,262.2,0,175.5,8.6,1046.9,611.8,3,28.8,0.560165975
425,106.3,0,153.5,16.5,852.1,887.1,3,33.4,0.361176471
425,106.3,0,151.4,18.6,936,803.7,3,36.3,0.356235294
375,93.8,0,126.6,23.4,852.1,992.6,3,29,0.3376
475,118.8,0,181.1,8.9,852.1,781.5,3,37.8,0.381263158
469,117.2,0,137.8,32.2,852.1,840.5,3,40.2,0.293816631
425,106.3,0,153.5,16.5,852.1,887.1,3,33.4,0.361176471
388.6,97.1,0,157.9,12.1,852.1,925.7,3,28.1,0.406330417
531.3,0,0,141.8,28.2,852.1,893.7,3,41.3,0.266892528
425,106.3,0,153.5,16.5,852.1,887.1,3,33.4,0.361176471
318.8,212.5,0,155.7,14.3,852.1,880.4,3,25.2,0.488393977
401.8,94.7,0,147.4,11.4,946.8,852.1,3,41.1,0.366849179
362.6,189,0,164.9,11.6,944.7,755.8,3,35.3,0.454771098
323.7,282.8,0,183.8,10.3,942.7,659.9,3,28.3,0.5678097
379.5,151.2,0,153.9,15.9,1134.3,605,3,28.6,0.405533597
362.6,189,0,164.9,11.6,944.7,755.8,3,35.3,0.454771098
286.3,200.9,0,144.7,11.2,1004.6,803.7,3,24.4,0.505413902
362.6,189,0,164.9,11.6,944.7,755.8,3,35.3,0.454771098
439,177,0,186,11.1,884.9,707.9,3,39.3,0.423690205
389.9,189,0,145.9,22,944.7,755.8,3,40.6,0.374198512
362.6,189,0,164.9,11.6,944.7,755.8,3,35.3,0.454771098
337.9,189,0,174.9,9.5,944.7,755.8,3,24.1,0.51760876
374,189.2,0,170.1,10.1,926.1,756.7,7,46.2,0.454812834
313.3,262.2,0,175.5,8.6,1046.9,611.8,7,42.8,0.560165975
425,106.3,0,153.5,16.5,852.1,887.1,7,49.2,0.361176471
425,106.3,0,151.4,18.6,936,803.7,7,46.8,0.356235294
375,93.8,0,126.6,23.4,852.1,992.6,7,45.7,0.3376
475,118.8,0,181.1,8.9,852.1,781.5,7,55.6,0.381263158
469,117.2,0,137.8,32.2,852.1,840.5,7,54.9,0.293816631
425,106.3,0,153.5,16.5,852.1,887.1,7,49.2,0.361176471
388.6,97.1,0,157.9,12.1,852.1,925.7,7,34.9,0.406330417
531.3,0,0,141.8,28.2,852.1,893.7,7,46.9,0.266892528
425,106.3,0,153.5,16.5,852.1,887.1,7,49.2,0.361176471
318.8,212.5,0,155.7,14.3,852.1,880.4,7,33.4,0.488393977
401.8,94.7,0,147.4,11.4,946.8,852.1,7,54.1,0.366849179
362.6,189,0,164.9,11.6,944.7,755.8,7,55.9,0.454771098
323.7,282.8,0,183.8,10.3,942.7,659.9,7,49.8,0.5678097
379.5,151.2,0,153.9,15.9,1134.3,605,7,47.1,0.405533597
362.6,189,0,164.9,11.6,944.7,755.8,7,55.9,0.454771098
286.3,200.9,0,144.7,11.2,1004.6,803.7,7,38,0.505413902
362.6,189,0,164.9,11.6,944.7,755.8,7,55.9,0.454771098
439,177,0,186,11.1,884.9,707.9,7,56.1,0.423690205
389.9,189,0,145.9,22,944.7,755.8,7,59.09,0.374198512
362.6,189,0,164.9,11.6,944.7,755.8,7,22.9,0.454771098
337.9,189,0,174.9,9.5,944.7,755.8,7,35.1,0.51760876
374,189.2,0,170.1,10.1,926.1,756.7,28,61.09,0.454812834
313.3,262.2,0,175.5,8.6,1046.9,611.8,28,59.8,0.560165975
425,106.3,0,153.5,16.5,852.1,887.1,28,60.29,0.361176471
425,106.3,0,151.4,18.6,936,803.7,28,61.8,0.356235294
375,93.8,0,126.6,23.4,852.1,992.6,28,56.7,0.3376
475,118.8,0,181.1,8.9,852.1,781.5,28,68.3,0.381263158
469,117.2,0,137.8,32.2,852.1,840.5,28,66.9,0.293816631
425,106.3,0,153.5,16.5,852.1,887.1,28,60.29,0.361176471
388.6,97.1,0,157.9,12.1,852.1,925.7,28,50.7,0.406330417
531.3,0,0,141.8,28.2,852.1,893.7,28,56.4,0.266892528
425,106.3,0,153.5,16.5,852.1,887.1,28,60.29,0.361176471
318.8,212.5,0,155.7,14.3,852.1,880.4,28,55.5,0.488393977
401.8,94.7,0,147.4,11.4,946.8,852.1,28,68.5,0.366849179
362.6,189,0,164.9,11.6,944.7,755.8,28,71.3,0.454771098
323.7,282.8,0,183.8,10.3,942.7,659.9,28,74.7,0.5678097
379.5,151.2,0,153.9,15.9,1134.3,605,28,52.2,0.405533597
362.6,189,0,164.9,11.6,944.7,755.8,28,71.3,0.454771098
286.3,200.9,0,144.7,11.2,1004.6,803.7,28,67.7,0.505413902
362.6,189,0,164.9,11.6,944.7,755.8,28,71.3,0.454771098
439,177,0,186,11.1,884.9,707.9,28,66,0.423690205
389.9,189,0,145.9,22,944.7,755.8,28,74.5,0.374198512
362.6,189,0,164.9,11.6,944.7,755.8,28,71.3,0.454771098
337.9,189,0,174.9,9.5,944.7,755.8,28,49.9,0.51760876
374,189.2,0,170.1,10.1,926.1,756.7,56,63.4,0.454812834
313.3,262.2,0,175.5,8.6,1046.9,611.8,56,64.9,0.560165975
425,106.3,0,153.5,16.5,852.1,887.1,56,64.3,0.361176471
425,106.3,0,151.4,18.6,936,803.7,56,64.9,0.356235294
375,93.8,0,126.6,23.4,852.1,992.6,56,60.2,0.3376
475,118.8,0,181.1,8.9,852.1,781.5,56,72.3,0.381263158
469,117.2,0,137.8,32.2,852.1,840.5,56,69.3,0.293816631
425,106.3,0,153.5,16.5,852.1,887.1,56,64.3,0.361176471
388.6,97.1,0,157.9,12.1,852.1,925.7,56,55.2,0.406330417
531.3,0,0,141.8,28.2,852.1,893.7,56,58.8,0.266892528
425,106.3,0,153.5,16.5,852.1,887.1,56,64.3,0.361176471
318.8,212.5,0,155.7,14.3,852.1,880.4,56,66.1,0.488393977
401.8,94.7,0,147.4,11.4,946.8,852.1,56,73.7,0.366849179
362.6,189,0,164.9,11.6,944.7,755.8,56,77.3,0.454771098
323.7,282.8,0,183.8,10.3,942.7,659.9,56,80.2,0.5678097
379.5,151.2,0,153.9,15.9,1134.3,605,56,54.9,0.405533597
362.6,189,0,164.9,11.6,944.7,755.8,56,77.3,0.454771098
286.3,200.9,0,144.7,11.2,1004.6,803.7,56,72.99,0.505413902
362.6,189,0,164.9,11.6,944.7,755.8,56,77.3,0.454771098
439,177,0,186,11.1,884.9,707.9,56,71.7,0.423690205
389.9,189,0,145.9,22,944.7,755.8,56,79.4,0.374198512
362.6,189,0,164.9,11.6,944.7,755.8,56,77.3,0.454771098
337.9,189,0,174.9,9.5,944.7,755.8,56,59.89,0.51760876
374,189.2,0,170.1,10.1,926.1,756.7,91,64.9,0.454812834
313.3,262.2,0,175.5,8.6,1046.9,611.8,91,66.6,0.560165975
425,106.3,0,153.5,16.5,852.1,887.1,91,65.2,0.361176471
425,106.3,0,151.4,18.6,936,803.7,91,66.7,0.356235294
375,93.8,0,126.6,23.4,852.1,992.6,91,62.5,0.3376
475,118.8,0,181.1,8.9,852.1,781.5,91,74.19,0.381263158
469,117.2,0,137.8,32.2,852.1,840.5,91,70.7,0.293816631
425,106.3,0,153.5,16.5,852.1,887.1,91,65.2,0.361176471
388.6,97.1,0,157.9,12.1,852.1,925.7,91,57.6,0.406330417
531.3,0,0,141.8,28.2,852.1,893.7,91,59.2,0.266892528
425,106.3,0,153.5,16.5,852.1,887.1,91,65.2,0.361176471
318.8,212.5,0,155.7,14.3,852.1,880.4,91,68.1,0.488393977
401.8,94.7,0,147.4,11.4,946.8,852.1,91,75.5,0.366849179
362.6,189,0,164.9,11.6,944.7,755.8,91,79.3,0.454771098
379.5,151.2,0,153.9,15.9,1134.3,605,91,56.5,0.405533597
362.6,189,0,164.9,11.6,944.7,755.8,91,79.3,0.454771098
286.3,200.9,0,144.7,11.2,1004.6,803.7,91,76.8,0.505413902
362.6,189,0,164.9,11.6,944.7,755.8,91,79.3,0.454771098
439,177,0,186,11.1,884.9,707.9,91,73.3,0.423690205
389.9,189,0,145.9,22,944.7,755.8,91,82.6,0.374198512
362.6,189,0,164.9,11.6,944.7,755.8,91,79.3,0.454771098
337.9,189,0,174.9,9.5,944.7,755.8,91,67.8,0.51760876
222.4,0,96.7,189.3,4.5,967.1,870.3,3,11.58,0.851169065
222.4,0,96.7,189.3,4.5,967.1,870.3,14,24.45,0.851169065
222.4,0,96.7,189.3,4.5,967.1,870.3,28,24.89,0.851169065
222.4,0,96.7,189.3,4.5,967.1,870.3,56,29.45,0.851169065
222.4,0,96.7,189.3,4.5,967.1,870.3,100,40.71,0.851169065
233.8,0,94.6,197.9,4.6,947,852.2,3,10.38,0.846449957
233.8,0,94.6,197.9,4.6,947,852.2,14,22.14,0.846449957
233.8,0,94.6,197.9,4.6,947,852.2,28,22.84,0.846449957
233.8,0,94.6,197.9,4.6,947,852.2,56,27.66,0.846449957
233.8,0,94.6,197.9,4.6,947,852.2,100,34.56,0.846449957
194.7,0,100.5,165.6,7.5,1006.4,905.9,3,12.45,0.850539291
194.7,0,100.5,165.6,7.5,1006.4,905.9,14,24.99,0.850539291
194.7,0,100.5,165.6,7.5,1006.4,905.9,28,25.72,0.850539291
194.7,0,100.5,165.6,7.5,1006.4,905.9,56,33.96,0.850539291
194.7,0,100.5,165.6,7.5,1006.4,905.9,100,37.34,0.850539291
190.7,0,125.4,162.1,7.8,1090,804,3,15.04,0.850026219
190.7,0,125.4,162.1,7.8,1090,804,14,21.06,0.850026219
190.7,0,125.4,162.1,7.8,1090,804,28,26.4,0.850026219
190.7,0,125.4,162.1,7.8,1090,804,56,35.34,0.850026219
190.7,0,125.4,162.1,7.8,1090,804,100,40.57,0.850026219
212.1,0,121.6,180.3,5.7,1057.6,779.3,3,12.47,0.850070721
212.1,0,121.6,180.3,5.7,1057.6,779.3,14,20.92,0.850070721
212.1,0,121.6,180.3,5.7,1057.6,779.3,28,24.9,0.850070721
212.1,0,121.6,180.3,5.7,1057.6,779.3,56,34.2,0.850070721
212.1,0,121.6,180.3,5.7,1057.6,779.3,100,39.61,0.850070721
230,0,118.3,195.5,4.6,1029.4,758.6,3,10.03,0.85
230,0,118.3,195.5,4.6,1029.4,758.6,14,20.08,0.85
230,0,118.3,195.5,4.6,1029.4,758.6,28,24.48,0.85
230,0,118.3,195.5,4.6,1029.4,758.6,56,31.54,0.85
230,0,118.3,195.5,4.6,1029.4,758.6,100,35.34,0.85
190.3,0,125.2,161.9,9.9,1088.1,802.6,3,9.45,0.850761955
190.3,0,125.2,161.9,9.9,1088.1,802.6,14,22.72,0.850761955
190.3,0,125.2,161.9,9.9,1088.1,802.6,28,28.47,0.850761955
190.3,0,125.2,161.9,9.9,1088.1,802.6,56,38.56,0.850761955
190.3,0,125.2,161.9,9.9,1088.1,802.6,100,40.39,0.850761955
166.1,0,163.3,176.5,4.5,1058.6,780.1,3,10.76,1.062612884
166.1,0,163.3,176.5,4.5,1058.6,780.1,14,25.48,1.062612884
166.1,0,163.3,176.5,4.5,1058.6,780.1,28,21.54,1.062612884
166.1,0,163.3,176.5,4.5,1058.6,780.1,56,28.63,1.062612884
166.1,0,163.3,176.5,4.5,1058.6,780.1,100,33.54,1.062612884
168,42.1,163.8,121.8,5.7,1058.7,780.1,3,7.75,0.725
168,42.1,163.8,121.8,5.7,1058.7,780.1,14,17.82,0.725
168,42.1,163.8,121.8,5.7,1058.7,780.1,28,24.24,0.725
168,42.1,163.8,121.8,5.7,1058.7,780.1,56,32.85,0.725
168,42.1,163.8,121.8,5.7,1058.7,780.1,100,39.23,0.725
213.7,98.1,24.5,181.7,6.9,1065.8,785.4,3,18,0.85025737
213.7,98.1,24.5,181.7,6.9,1065.8,785.4,14,30.39,0.85025737
213.7,98.1,24.5,181.7,6.9,1065.8,785.4,28,45.71,0.85025737
213.7,98.1,24.5,181.7,6.9,1065.8,785.4,56,50.77,0.85025737
213.7,98.1,24.5,181.7,6.9,1065.8,785.4,100,53.9,0.85025737
213.8,98.1,24.5,181.7,6.7,1066,785.5,3,13.18,0.849859682
213.8,98.1,24.5,181.7,6.7,1066,785.5,14,17.84,0.849859682
213.8,98.1,24.5,181.7,6.7,1066,785.5,28,40.23,0.849859682
213.8,98.1,24.5,181.7,6.7,1066,785.5,56,47.13,0.849859682
213.8,98.1,24.5,181.7,6.7,1066,785.5,100,49.97,0.849859682
229.7,0,118.2,195.2,6.1,1028.1,757.6,3,13.36,0.849804092
229.7,0,118.2,195.2,6.1,1028.1,757.6,14,22.32,0.849804092
229.7,0,118.2,195.2,6.1,1028.1,757.6,28,24.54,0.849804092
229.7,0,118.2,195.2,6.1,1028.1,757.6,56,31.35,0.849804092
229.7,0,118.2,195.2,6.1,1028.1,757.6,100,40.86,0.849804092
238.1,0,94.1,186.7,7,949.9,847,3,19.93,0.784124318
238.1,0,94.1,186.7,7,949.9,847,14,25.69,0.784124318
238.1,0,94.1,186.7,7,949.9,847,28,30.23,0.784124318
238.1,0,94.1,186.7,7,949.9,847,56,39.59,0.784124318
238.1,0,94.1,186.7,7,949.9,847,100,44.3,0.784124318
250,0,95.7,187.4,5.5,956.9,861.2,3,13.82,0.7496
250,0,95.7,187.4,5.5,956.9,861.2,14,24.92,0.7496
250,0,95.7,187.4,5.5,956.9,861.2,28,29.22,0.7496
250,0,95.7,187.4,5.5,956.9,861.2,56,38.33,0.7496
250,0,95.7,187.4,5.5,956.9,861.2,100,42.35,0.7496
212.5,0,100.4,159.3,8.7,1007.8,903.6,3,13.54,0.749647059
212.5,0,100.4,159.3,8.7,1007.8,903.6,14,26.31,0.749647059
212.5,0,100.4,159.3,8.7,1007.8,903.6,28,31.64,0.749647059
212.5,0,100.4,159.3,8.7,1007.8,903.6,56,42.55,0.749647059
212.5,0,100.4,159.3,8.7,1007.8,903.6,100,42.92,0.749647059
212.6,0,100.4,159.4,10.4,1003.8,903.8,3,13.33,0.749764817
212.6,0,100.4,159.4,10.4,1003.8,903.8,14,25.37,0.749764817
212.6,0,100.4,159.4,10.4,1003.8,903.8,28,37.4,0.749764817
212.6,0,100.4,159.4,10.4,1003.8,903.8,56,44.4,0.749764817
212.6,0,100.4,159.4,10.4,1003.8,903.8,100,47.74,0.749764817
212,0,124.8,159,7.8,1085.4,799.5,3,19.52,0.75
212,0,124.8,159,7.8,1085.4,799.5,14,31.35,0.75
212,0,124.8,159,7.8,1085.4,799.5,28,38.5,0.75
212,0,124.8,159,7.8,1085.4,799.5,56,45.08,0.75
212,0,124.8,159,7.8,1085.4,799.5,100,47.82,0.75
231.8,0,121.6,174,6.7,1056.4,778.5,3,15.44,0.75064711
231.8,0,121.6,174,6.7,1056.4,778.5,14,26.77,0.75064711
231.8,0,121.6,174,6.7,1056.4,778.5,28,33.73,0.75064711
231.8,0,121.6,174,6.7,1056.4,778.5,56,42.7,0.75064711
231.8,0,121.6,174,6.7,1056.4,778.5,100,45.84,0.75064711
251.4,0,118.3,188.5,5.8,1028.4,757.7,3,17.22,0.749801114
251.4,0,118.3,188.5,5.8,1028.4,757.7,14,29.93,0.749801114
251.4,0,118.3,188.5,5.8,1028.4,757.7,28,29.65,0.749801114
251.4,0,118.3,188.5,5.8,1028.4,757.7,56,36.97,0.749801114
251.4,0,118.3,188.5,5.8,1028.4,757.7,100,43.58,0.749801114
251.4,0,118.3,188.5,6.4,1028.4,757.7,3,13.12,0.749801114
251.4,0,118.3,188.5,6.4,1028.4,757.7,14,24.43,0.749801114
251.4,0,118.3,188.5,6.4,1028.4,757.7,28,32.66,0.749801114
251.4,0,118.3,188.5,6.4,1028.4,757.7,56,36.64,0.749801114
251.4,0,118.3,188.5,6.4,1028.4,757.7,100,44.21,0.749801114
181.4,0,167,169.6,7.6,1055.6,777.8,3,13.62,0.934950386
181.4,0,167,169.6,7.6,1055.6,777.8,14,21.6,0.934950386
181.4,0,167,169.6,7.6,1055.6,777.8,28,27.77,0.934950386
181.4,0,167,169.6,7.6,1055.6,777.8,56,35.57,0.934950386
181.4,0,167,169.6,7.6,1055.6,777.8,100,45.37,0.934950386
182,45.2,122,170.2,8.2,1059.4,780.7,3,7.32,0.935164835
182,45.2,122,170.2,8.2,1059.4,780.7,14,21.5,0.935164835
182,45.2,122,170.2,8.2,1059.4,780.7,28,31.27,0.935164835
182,45.2,122,170.2,8.2,1059.4,780.7,56,43.5,0.935164835
182,45.2,122,170.2,8.2,1059.4,780.7,100,48.67,0.935164835
168.9,42.2,124.3,158.3,10.8,1080.8,796.2,3,7.4,0.937240971
168.9,42.2,124.3,158.3,10.8,1080.8,796.2,14,23.51,0.937240971
168.9,42.2,124.3,158.3,10.8,1080.8,796.2,28,31.12,0.937240971
168.9,42.2,124.3,158.3,10.8,1080.8,796.2,56,39.15,0.937240971
168.9,42.2,124.3,158.3,10.8,1080.8,796.2,100,48.15,0.937240971
290.4,0,96.2,168.1,9.4,961.2,865,3,22.5,0.578856749
290.4,0,96.2,168.1,9.4,961.2,865,14,34.67,0.578856749
290.4,0,96.2,168.1,9.4,961.2,865,28,34.74,0.578856749
290.4,0,96.2,168.1,9.4,961.2,865,56,45.08,0.578856749
290.4,0,96.2,168.1,9.4,961.2,865,100,48.97,0.578856749
277.1,0,97.4,160.6,11.8,973.9,875.6,3,23.14,0.579574161
277.1,0,97.4,160.6,11.8,973.9,875.6,14,41.89,0.579574161
277.1,0,97.4,160.6,11.8,973.9,875.6,28,48.28,0.579574161
277.1,0,97.4,160.6,11.8,973.9,875.6,56,51.04,0.579574161
277.1,0,97.4,160.6,11.8,973.9,875.6,100,55.64,0.579574161
295.7,0,95.6,171.5,8.9,955.1,859.2,3,22.95,0.579979709
295.7,0,95.6,171.5,8.9,955.1,859.2,14,35.23,0.579979709
295.7,0,95.6,171.5,8.9,955.1,859.2,28,39.94,0.579979709
295.7,0,95.6,171.5,8.9,955.1,859.2,56,48.72,0.579979709
295.7,0,95.6,171.5,8.9,955.1,859.2,100,52.04,0.579979709
251.8,0,99.9,146.1,12.4,1006,899.8,3,21.02,0.580222399
251.8,0,99.9,146.1,12.4,1006,899.8,14,33.36,0.580222399
251.8,0,99.9,146.1,12.4,1006,899.8,28,33.94,0.580222399
251.8,0,99.9,146.1,12.4,1006,899.8,56,44.14,0.580222399
251.8,0,99.9,146.1,12.4,1006,899.8,100,45.37,0.580222399
249.1,0,98.8,158.1,12.8,987.8,889,3,15.36,0.634684866
249.1,0,98.8,158.1,12.8,987.8,889,14,28.68,0.634684866
249.1,0,98.8,158.1,12.8,987.8,889,28,30.85,0.634684866
249.1,0,98.8,158.1,12.8,987.8,889,56,42.03,0.634684866
249.1,0,98.8,158.1,12.8,987.8,889,100,51.06,0.634684866
252.3,0,98.8,146.3,14.2,987.8,889,3,21.78,0.57986524
252.3,0,98.8,146.3,14.2,987.8,889,14,42.29,0.57986524
252.3,0,98.8,146.3,14.2,987.8,889,28,50.6,0.57986524
252.3,0,98.8,146.3,14.2,987.8,889,56,55.83,0.57986524
252.3,0,98.8,146.3,14.2,987.8,889,100,60.95,0.57986524
246.8,0,125.1,143.3,12,1086.8,800.9,3,23.52,0.580632091
246.8,0,125.1,143.3,12,1086.8,800.9,14,42.22,0.580632091
246.8,0,125.1,143.3,12,1086.8,800.9,28,52.5,0.580632091
246.8,0,125.1,143.3,12,1086.8,800.9,56,60.32,0.580632091
246.8,0,125.1,143.3,12,1086.8,800.9,100,66.42,0.580632091
275.1,0,121.4,159.5,9.9,1053.6,777.5,3,23.8,0.579789168
275.1,0,121.4,159.5,9.9,1053.6,777.5,14,38.77,0.579789168
275.1,0,121.4,159.5,9.9,1053.6,777.5,28,51.33,0.579789168
275.1,0,121.4,159.5,9.9,1053.6,777.5,56,56.85,0.579789168
275.1,0,121.4,159.5,9.9,1053.6,777.5,100,58.61,0.579789168
297.2,0,117.5,174.8,9.5,1022.8,753.5,3,21.91,0.588156124
297.2,0,117.5,174.8,9.5,1022.8,753.5,14,36.99,0.588156124
297.2,0,117.5,174.8,9.5,1022.8,753.5,28,47.4,0.588156124
297.2,0,117.5,174.8,9.5,1022.8,753.5,56,51.96,0.588156124
297.2,0,117.5,174.8,9.5,1022.8,753.5,100,56.74,0.588156124
213.7,0,174.7,154.8,10.2,1053.5,776.4,3,17.57,0.724379972
213.7,0,174.7,154.8,10.2,1053.5,776.4,14,33.73,0.724379972
213.7,0,174.7,154.8,10.2,1053.5,776.4,28,40.15,0.724379972
213.7,0,174.7,154.8,10.2,1053.5,776.4,56,46.64,0.724379972
213.7,0,174.7,154.8,10.2,1053.5,776.4,100,50.08,0.724379972
213.5,0,174.2,154.6,11.7,1052.3,775.5,3,17.37,0.72412178
213.5,0,174.2,154.6,11.7,1052.3,775.5,14,33.7,0.72412178
213.5,0,174.2,154.6,11.7,1052.3,775.5,28,45.94,0.72412178
213.5,0,174.2,154.6,11.7,1052.3,775.5,56,51.43,0.72412178
213.5,0,174.2,154.6,11.7,1052.3,775.5,100,59.3,0.72412178
277.2,97.8,24.5,160.7,11.2,1061.7,782.5,3,30.45,0.57972583
277.2,97.8,24.5,160.7,11.2,1061.7,782.5,14,47.71,0.57972583
277.2,97.8,24.5,160.7,11.2,1061.7,782.5,28,63.14,0.57972583
277.2,97.8,24.5,160.7,11.2,1061.7,782.5,56,66.82,0.57972583
277.2,97.8,24.5,160.7,11.2,1061.7,782.5,100,66.95,0.57972583
218.2,54.6,123.8,140.8,11.9,1075.7,792.7,3,27.42,0.64527956
218.2,54.6,123.8,140.8,11.9,1075.7,792.7,14,35.96,0.64527956
218.2,54.6,123.8,140.8,11.9,1075.7,792.7,28,55.51,0.64527956
218.2,54.6,123.8,140.8,11.9,1075.7,792.7,56,61.99,0.64527956
218.2,54.6,123.8,140.8,11.9,1075.7,792.7,100,63.53,0.64527956
214.9,53.8,121.9,155.6,9.6,1014.3,780.6,3,18.02,0.724057701
214.9,53.8,121.9,155.6,9.6,1014.3,780.6,14,38.6,0.724057701
214.9,53.8,121.9,155.6,9.6,1014.3,780.6,28,52.2,0.724057701
214.9,53.8,121.9,155.6,9.6,1014.3,780.6,56,53.96,0.724057701
214.9,53.8,121.9,155.6,9.6,1014.3,780.6,100,56.63,0.724057701
218.9,0,124.1,158.5,11.3,1078.7,794.9,3,15.34,0.72407492
218.9,0,124.1,158.5,11.3,1078.7,794.9,14,26.05,0.72407492
218.9,0,124.1,158.5,11.3,1078.7,794.9,28,30.22,0.72407492
218.9,0,124.1,158.5,11.3,1078.7,794.9,56,37.27,0.72407492
218.9,0,124.1,158.5,11.3,1078.7,794.9,100,46.23,0.72407492
376,0,0,214.6,0,1003.5,762.4,3,16.28,0.570744681
376,0,0,214.6,0,1003.5,762.4,14,25.62,0.570744681
376,0,0,214.6,0,1003.5,762.4,28,31.97,0.570744681
376,0,0,214.6,0,1003.5,762.4,56,36.3,0.570744681
376,0,0,214.6,0,1003.5,762.4,100,43.06,0.570744681
500,0,0,140,4,966,853,28,67.57,0.28
475,0,59,142,1.9,1098,641,28,57.23,0.298947368
315,137,0,145,5.9,1130,745,28,81.75,0.46031746
505,0,60,195,0,1030,630,28,64.02,0.386138614
451,0,0,165,11.3,1030,745,28,78.8,0.365853659
516,0,0,162,8.2,801,802,28,41.37,0.313953488
520,0,0,170,5.2,855,855,28,60.28,0.326923077
528,0,0,185,6.9,920,720,28,56.83,0.350378788
520,0,0,175,5.2,870,805,28,51.02,0.336538462
385,0,136,158,20,903,768,28,55.55,0.41038961
500.1,0,0,200,3,1124.4,613.2,28,44.13,0.399920016
450.1,50,0,200,3,1124.4,613.2,28,39.38,0.444345701
397,17.2,158,167,20.8,967,633,28,55.65,0.420654912
333,17.5,163,167,17.9,996,652,28,47.28,0.501501502
334,17.6,158,189,15.3,967,633,28,44.33,0.565868263
405,0,0,175,0,1120,695,28,52.3,0.432098765
200,200,0,190,0,1145,660,28,49.25,0.95
516,0,0,162,8.3,801,802,28,41.37,0.313953488
145,116,119,184,5.7,833,880,28,29.16,1.268965517
160,128,122,182,6.4,824,879,28,39.4,1.1375
234,156,0,189,5.9,981,760,28,39.3,0.807692308
250,180,95,159,9.5,860,800,28,67.87,0.636
475,0,0,162,9.5,1044,662,28,58.52,0.341052632
285,190,0,163,7.6,1031,685,28,53.58,0.571929825
356,119,0,160,9,1061,657,28,59,0.449438202
275,180,120,162,10.4,830,765,28,76.24,0.589090909
500,0,0,151,9,1033,655,28,69.84,0.302
165,0,143.6,163.8,0,1005.6,900.9,3,14.4,0.992727273
165,128.5,132.1,175.1,8.1,1005.8,746.6,3,19.42,1.061212121
178,129.8,118.6,179.9,3.6,1007.3,746.8,3,20.73,1.010674157
167.4,129.9,128.6,175.5,7.8,1006.3,746.6,3,14.94,1.048387097
172.4,13.6,172.4,156.8,4.1,1006.3,856.4,3,21.29,0.909512761
173.5,50.1,173.5,164.8,6.5,1006.2,793.5,3,23.08,0.949855908
167,75.4,167,164,7.9,1007.3,770.1,3,15.52,0.982035928
173.8,93.4,159.9,172.3,9.7,1007.2,746.6,3,15.82,0.99136939
190.3,0,125.2,166.6,9.9,1079,798.9,3,12.55,0.8754598
250,0,95.7,191.8,5.3,948.9,857.2,3,8.49,0.7672
213.5,0,174.2,159.2,11.7,1043.6,771.9,3,15.61,0.745667447
194.7,0,100.5,170.2,7.5,998,901.8,3,12.18,0.874165383
251.4,0,118.3,192.9,5.8,1043.6,754.3,3,11.98,0.767303103
165,0,143.6,163.8,0,1005.6,900.9,14,16.88,0.992727273
165,128.5,132.1,175.1,8.1,1005.8,746.6,14,33.09,1.061212121
178,129.8,118.6,179.9,3.6,1007.3,746.8,14,34.24,1.010674157
167.4,129.9,128.6,175.5,7.8,1006.3,746.6,14,31.81,1.048387097
172.4,13.6,172.4,156.8,4.1,1006.3,856.4,14,29.75,0.909512761
173.5,50.1,173.5,164.8,6.5,1006.2,793.5,14,33.01,0.949855908
167,75.4,167,164,7.9,1007.3,770.1,14,32.9,0.982035928
173.8,93.4,159.9,172.3,9.7,1007.2,746.6,14,29.55,0.99136939
190.3,0,125.2,166.6,9.9,1079,798.9,14,19.42,0.8754598
250,0,95.7,191.8,5.3,948.9,857.2,14,24.66,0.7672
213.5,0,174.2,159.2,11.7,1043.6,771.9,14,29.59,0.745667447
194.7,0,100.5,170.2,7.5,998,901.8,14,24.28,0.874165383
251.4,0,118.3,192.9,5.8,1043.6,754.3,14,20.73,0.767303103
165,0,143.6,163.8,0,1005.6,900.9,28,26.2,0.992727273
165,128.5,132.1,175.1,8.1,1005.8,746.6,28,46.39,1.061212121
178,129.8,118.6,179.9,3.6,1007.3,746.8,28,39.16,1.010674157
167.4,129.9,128.6,175.5,7.8,1006.3,746.6,28,41.2,1.048387097
172.4,13.6,172.4,156.8,4.1,1006.3,856.4,28,33.69,0.909512761
173.5,50.1,173.5,164.8,6.5,1006.2,793.5,28,38.2,0.949855908
167,75.4,167,164,7.9,1007.3,770.1,28,41.41,0.982035928
173.8,93.4,159.9,172.3,9.7,1007.2,746.6,28,37.81,0.99136939
190.3,0,125.2,166.6,9.9,1079,798.9,28,24.85,0.8754598
250,0,95.7,191.8,5.3,948.9,857.2,28,27.22,0.7672
213.5,0,174.2,159.2,11.7,1043.6,771.9,28,44.64,0.745667447
194.7,0,100.5,170.2,7.5,998,901.8,28,37.27,0.874165383
251.4,0,118.3,192.9,5.8,1043.6,754.3,28,33.27,0.767303103
165,0,143.6,163.8,0,1005.6,900.9,56,36.56,0.992727273
165,128.5,132.1,175.1,8.1,1005.8,746.6,56,53.72,1.061212121
178,129.8,118.6,179.9,3.6,1007.3,746.8,56,48.59,1.010674157
167.4,129.9,128.6,175.5,7.8,1006.3,746.6,56,51.72,1.048387097
172.4,13.6,172.4,156.8,4.1,1006.3,856.4,56,35.85,0.909512761
173.5,50.1,173.5,164.8,6.5,1006.2,793.5,56,53.77,0.949855908
167,75.4,167,164,7.9,1007.3,770.1,56,53.46,0.982035928
173.8,93.4,159.9,172.3,9.7,1007.2,746.6,56,48.99,0.99136939
190.3,0,125.2,166.6,9.9,1079,798.9,56,31.72,0.8754598
250,0,95.7,191.8,5.3,948.9,857.2,56,39.64,0.7672
213.5,0,174.2,159.2,11.7,1043.6,771.9,56,51.26,0.745667447
194.7,0,100.5,170.2,7.5,998,901.8,56,43.39,0.874165383
251.4,0,118.3,192.9,5.8,1043.6,754.3,56,39.27,0.767303103
165,0,143.6,163.8,0,1005.6,900.9,100,37.96,0.992727273
165,128.5,132.1,175.1,8.1,1005.8,746.6,100,55.02,1.061212121
178,129.8,118.6,179.9,3.6,1007.3,746.8,100,49.99,1.010674157
167.4,129.9,128.6,175.5,7.8,1006.3,746.6,100,53.66,1.048387097
172.4,13.6,172.4,156.8,4.1,1006.3,856.4,100,37.68,0.909512761
173.5,50.1,173.5,164.8,6.5,1006.2,793.5,100,56.06,0.949855908
167,75.4,167,164,7.9,1007.3,770.1,100,56.81,0.982035928
173.8,93.4,159.9,172.3,9.7,1007.2,746.6,100,50.94,0.99136939
190.3,0,125.2,166.6,9.9,1079,798.9,100,33.56,0.8754598
250,0,95.7,191.8,5.3,948.9,857.2,100,41.16,0.7672
213.5,0,174.2,159.2,11.7,1043.6,771.9,100,52.96,0.745667447
194.7,0,100.5,170.2,7.5,998,901.8,100,44.28,0.874165383
251.4,0,118.3,192.9,5.8,1043.6,754.3,100,40.15,0.767303103
446,24,79,162,11.6,967,712,28,57.03,0.3632287
446,24,79,162,11.6,967,712,28,44.42,0.3632287
446,24,79,162,11.6,967,712,28,51.02,0.3632287
446,24,79,162,10.3,967,712,28,53.39,0.3632287
446,24,79,162,11.6,967,712,3,35.36,0.3632287
446,24,79,162,11.6,967,712,3,25.02,0.3632287
446,24,79,162,11.6,967,712,3,23.35,0.3632287
446,24,79,162,11.6,967,712,7,52.01,0.3632287
446,24,79,162,11.6,967,712,7,38.02,0.3632287
446,24,79,162,11.6,967,712,7,39.3,0.3632287
446,24,79,162,11.6,967,712,56,61.07,0.3632287
446,24,79,162,11.6,967,712,56,56.14,0.3632287
446,24,79,162,11.6,967,712,56,55.25,0.3632287
446,24,79,162,10.3,967,712,56,54.77,0.3632287
387,20,94,157,14.3,938,845,28,50.24,0.405684755
387,20,94,157,13.9,938,845,28,46.68,0.405684755
387,20,94,157,11.6,938,845,28,46.68,0.405684755
387,20,94,157,14.3,938,845,3,22.75,0.405684755
387,20,94,157,13.9,938,845,3,25.51,0.405684755
387,20,94,157,11.6,938,845,3,34.77,0.405684755
387,20,94,157,14.3,938,845,7,36.84,0.405684755
387,20,94,157,13.9,938,845,7,45.9,0.405684755
387,20,94,157,11.6,938,845,7,41.67,0.405684755
387,20,94,157,14.3,938,845,56,56.34,0.405684755
387,20,94,157,13.9,938,845,56,47.97,0.405684755
387,20,94,157,11.6,938,845,56,61.46,0.405684755
355,19,97,145,13.1,967,871,28,44.03,0.408450704
355,19,97,145,12.3,967,871,28,55.45,0.408450704
491,26,123,210,3.9,882,699,28,55.55,0.427698574
491,26,123,201,3.9,822,699,28,57.92,0.409368635
491,26,123,210,3.9,882,699,3,25.61,0.427698574
491,26,123,210,3.9,882,699,7,33.49,0.427698574
491,26,123,210,3.9,882,699,56,59.59,0.427698574
491,26,123,201,3.9,822,699,3,29.55,0.409368635
491,26,123,201,3.9,822,699,7,37.92,0.409368635
491,26,123,201,3.9,822,699,56,61.86,0.409368635
424,22,132,178,8.5,822,750,28,62.05,0.419811321
424,22,132,178,8.5,882,750,3,32.01,0.419811321
424,22,132,168,8.9,822,750,28,72.1,0.396226415
424,22,132,178,8.5,822,750,7,39,0.419811321
424,22,132,178,8.5,822,750,56,65.7,0.419811321
424,22,132,168,8.9,822,750,3,32.11,0.396226415
424,22,132,168,8.9,822,750,7,40.29,0.396226415
424,22,132,168,8.9,822,750,56,74.36,0.396226415
202,11,141,206,1.7,942,801,28,21.97,1.01980198
202,11,141,206,1.7,942,801,3,9.85,1.01980198
202,11,141,206,1.7,942,801,7,15.07,1.01980198
202,11,141,206,1.7,942,801,56,23.25,1.01980198
284,15,141,179,5.5,842,801,28,43.73,0.63028169
284,15,141,179,5.5,842,801,3,13.4,0.63028169
284,15,141,179,5.5,842,801,7,24.13,0.63028169
284,15,141,179,5.5,842,801,56,44.52,0.63028169
359,19,141,154,10.9,942,801,28,62.94,0.428969359
359,19,141,154,10.9,942,801,28,59.49,0.428969359
359,19,141,154,10.9,942,801,3,25.12,0.428969359
359,19,141,154,10.9,942,801,3,23.64,0.428969359
359,19,141,154,10.9,942,801,7,35.75,0.428969359
359,19,141,154,10.9,942,801,7,38.61,0.428969359
359,19,141,154,10.9,942,801,56,68.75,0.428969359
359,19,141,154,10.9,942,801,56,66.78,0.428969359
436,0,0,218,0,838.4,719.7,28,23.85,0.5
289,0,0,192,0,913.2,895.3,90,32.07,0.664359862
289,0,0,192,0,913.2,895.3,3,11.65,0.664359862
393,0,0,192,0,940.6,785.6,3,19.2,0.488549618
393,0,0,192,0,940.6,785.6,90,48.85,0.488549618
393,0,0,192,0,940.6,785.6,28,39.6,0.488549618
480,0,0,192,0,936.2,712.2,28,43.94,0.4
480,0,0,192,0,936.2,712.2,7,34.57,0.4
480,0,0,192,0,936.2,712.2,90,54.32,0.4
480,0,0,192,0,936.2,712.2,3,24.4,0.4
333,0,0,192,0,931.2,842.6,3,15.62,0.576576577
255,0,0,192,0,889.8,945,90,21.86,0.752941176
255,0,0,192,0,889.8,945,7,10.22,0.752941176
289,0,0,192,0,913.2,895.3,7,14.6,0.664359862
255,0,0,192,0,889.8,945,28,18.75,0.752941176
333,0,0,192,0,931.2,842.6,28,31.97,0.576576577
333,0,0,192,0,931.2,842.6,7,23.4,0.576576577
289,0,0,192,0,913.2,895.3,28,25.57,0.664359862
333,0,0,192,0,931.2,842.6,90,41.68,0.576576577
393,0,0,192,0,940.6,785.6,7,27.74,0.488549618
255,0,0,192,0,889.8,945,3,8.2,0.752941176
158.8,238.2,0,185.7,0,1040.6,734.3,7,9.62,1.169395466
239.6,359.4,0,185.7,0,941.6,664.3,7,25.42,0.775041736
238.2,158.8,0,185.7,0,1040.6,734.3,7,15.69,0.779596977
181.9,272.8,0,185.7,0,1012.4,714.3,28,27.94,1.020890599
193.5,290.2,0,185.7,0,998.2,704.3,28,32.63,0.959689922
255.5,170.3,0,185.7,0,1026.6,724.3,7,17.24,0.726810176
272.8,181.9,0,185.7,0,1012.4,714.3,7,19.77,0.680718475
239.6,359.4,0,185.7,0,941.6,664.3,28,39.44,0.775041736
220.8,147.2,0,185.7,0,1055,744.3,28,25.75,0.841032609
397,0,0,185.7,0,1040.6,734.3,28,33.08,0.467758186
382.5,0,0,185.7,0,1047.8,739.3,7,24.07,0.485490196
210.7,316.1,0,185.7,0,977,689.3,7,21.82,0.881347888
158.8,238.2,0,185.7,0,1040.6,734.3,28,21.07,1.169395466
295.8,0,0,185.7,0,1091.4,769.3,7,14.84,0.627789047
255.5,170.3,0,185.7,0,1026.6,724.3,28,32.05,0.726810176
203.5,135.7,0,185.7,0,1076.2,759.3,7,11.96,0.912530713
397,0,0,185.7,0,1040.6,734.3,7,25.45,0.467758186
381.4,0,0,185.7,0,1104.6,784.3,28,22.49,0.486890404
295.8,0,0,185.7,0,1091.4,769.3,28,25.22,0.627789047
228,342.1,0,185.7,0,955.8,674.3,28,39.7,0.814473684
220.8,147.2,0,185.7,0,1055,744.3,7,13.09,0.841032609
316.1,210.7,0,185.7,0,977,689.3,28,38.7,0.587472319
135.7,203.5,0,185.7,0,1076.2,759.3,7,7.51,1.368459838
238.1,0,0,185.7,0,1118.8,789.3,28,17.58,0.779924402
339.2,0,0,185.7,0,1069.2,754.3,7,21.18,0.547464623
135.7,203.5,0,185.7,0,1076.2,759.3,28,18.2,1.368459838
193.5,290.2,0,185.7,0,998.2,704.3,7,17.2,0.959689922
203.5,135.7,0,185.7,0,1076.2,759.3,28,22.63,0.912530713
290.2,193.5,0,185.7,0,998.2,704.3,7,21.86,0.639903515
181.9,272.8,0,185.7,0,1012.4,714.3,7,12.37,1.020890599
170.3,155.5,0,185.7,0,1026.6,724.3,28,25.73,1.090428655
210.7,316.1,0,185.7,0,977,689.3,28,37.81,0.881347888
228,342.1,0,185.7,0,955.8,674.3,7,21.92,0.814473684
290.2,193.5,0,185.7,0,998.2,704.3,28,33.04,0.639903515
381.4,0,0,185.7,0,1104.6,784.3,7,14.54,0.486890404
238.2,158.8,0,185.7,0,1040.6,734.3,28,26.91,0.779596977
186.2,124.1,0,185.7,0,1083.4,764.3,7,8,0.997314715
339.2,0,0,185.7,0,1069.2,754.3,28,31.9,0.547464623
238.1,0,0,185.7,0,1118.8,789.3,7,10.34,0.779924402
252.5,0,0,185.7,0,1111.6,784.3,28,19.77,0.735445545
382.5,0,0,185.7,0,1047.8,739.3,28,37.44,0.485490196
252.5,0,0,185.7,0,1111.6,784.3,7,11.48,0.735445545
316.1,210.7,0,185.7,0,977,689.3,7,24.44,0.587472319
186.2,124.1,0,185.7,0,1083.4,764.3,28,17.6,0.997314715
170.3,155.5,0,185.7,0,1026.6,724.3,7,10.73,1.090428655
272.8,181.9,0,185.7,0,1012.4,714.3,28,31.38,0.680718475
339,0,0,197,0,968,781,3,13.22,0.581120944
339,0,0,197,0,968,781,7,20.97,0.581120944
339,0,0,197,0,968,781,14,27.04,0.581120944
339,0,0,197,0,968,781,28,32.04,0.581120944
339,0,0,197,0,968,781,90,35.17,0.581120944
339,0,0,197,0,968,781,180,36.45,0.581120944
339,0,0,197,0,968,781,365,38.89,0.581120944
236,0,0,194,0,968,885,3,6.47,0.822033898
236,0,0,194,0,968,885,14,12.84,0.822033898
236,0,0,194,0,968,885,28,18.42,0.822033898
236,0,0,194,0,968,885,90,21.95,0.822033898
236,0,0,193,0,968,885,180,24.1,0.81779661
236,0,0,193,0,968,885,365,25.08,0.81779661
277,0,0,191,0,968,856,14,21.26,0.689530686
277,0,0,191,0,968,856,28,25.97,0.689530686
277,0,0,191,0,968,856,3,11.36,0.689530686
277,0,0,191,0,968,856,90,31.25,0.689530686
277,0,0,191,0,968,856,180,32.33,0.689530686
277,0,0,191,0,968,856,360,33.7,0.689530686
254,0,0,198,0,968,863,3,9.31,0.779527559
254,0,0,198,0,968,863,90,26.94,0.779527559
254,0,0,198,0,968,863,180,27.63,0.779527559
254,0,0,198,0,968,863,365,29.79,0.779527559
307,0,0,193,0,968,812,180,34.49,0.628664495
307,0,0,193,0,968,812,365,36.15,0.628664495
307,0,0,193,0,968,812,3,12.54,0.628664495
307,0,0,193,0,968,812,28,27.53,0.628664495
307,0,0,193,0,968,812,90,32.92,0.628664495
236,0,0,193,0,968,885,7,9.99,0.81779661
200,0,0,180,0,1125,845,7,7.84,0.9
200,0,0,180,0,1125,845,28,12.25,0.9
225,0,0,181,0,1113,833,7,11.17,0.804444444
225,0,0,181,0,1113,833,28,17.34,0.804444444
325,0,0,184,0,1063,783,7,17.54,0.566153846
325,0,0,184,0,1063,783,28,30.57,0.566153846
275,0,0,183,0,1088,808,7,14.2,0.665454545
275,0,0,183,0,1088,808,28,24.5,0.665454545
300,0,0,184,0,1075,795,7,15.58,0.613333333
300,0,0,184,0,1075,795,28,26.85,0.613333333
375,0,0,186,0,1038,758,7,26.06,0.496
375,0,0,186,0,1038,758,28,38.21,0.496
400,0,0,187,0,1025,745,28,43.7,0.4675
400,0,0,187,0,1025,745,7,30.14,0.4675
250,0,0,182,0,1100,820,7,12.73,0.728
250,0,0,182,0,1100,820,28,20.87,0.728
350,0,0,186,0,1050,770,7,20.28,0.531428571
350,0,0,186,0,1050,770,28,34.29,0.531428571
203.5,305.3,0,203.5,0,963.4,630,7,19.54,1
250.2,166.8,0,203.5,0,977.6,694.1,90,47.71,0.813349321
157,236,0,192,0,935.4,781.2,90,43.38,1.222929936
141.3,212,0,203.5,0,971.8,748.5,28,29.89,1.44019816
166.8,250.2,0,203.5,0,975.6,692.6,3,6.9,1.220023981
122.6,183.9,0,203.5,0,958.2,800.1,90,33.19,1.659869494
183.9,122.6,0,203.5,0,959.2,800,3,4.9,1.106579663
102,153,0,192,0,887,942,3,4.57,1.882352941
102,153,0,192,0,887,942,90,25.46,1.882352941
122.6,183.9,0,203.5,0,958.2,800.1,28,24.29,1.659869494
166.8,250.2,0,203.5,0,975.6,692.6,28,33.95,1.220023981
200,133,0,192,0,965.4,806.2,3,11.41,0.96
108.3,162.4,0,203.5,0,938.2,849,28,20.59,1.879039705
305.3,203.5,0,203.5,0,965.4,631,7,25.89,0.666557484
108.3,162.4,0,203.5,0,938.2,849,90,29.23,1.879039705
116,173,0,192,0,909.8,891.9,90,31.02,1.655172414
141.3,212,0,203.5,0,971.8,748.5,7,10.39,1.44019816
157,236,0,192,0,935.4,781.2,28,33.66,1.222929936
133,200,0,192,0,927.4,839.2,28,27.87,1.443609023
250.2,166.8,0,203.5,0,977.6,694.1,7,19.35,0.813349321
173,116,0,192,0,946.8,856.8,7,11.39,1.10982659
192,288,0,192,0,929.8,716.1,3,12.79,1
192,288,0,192,0,929.8,716.1,28,39.32,1
153,102,0,192,0,888,943.1,3,4.78,1.254901961
288,192,0,192,0,932,717.8,3,16.11,0.666666667
305.3,203.5,0,203.5,0,965.4,631,28,43.38,0.666557484
236,157,0,192,0,972.6,749.1,7,20.42,0.813559322
173,116,0,192,0,946.8,856.8,3,6.94,1.10982659
212,141.3,0,203.5,0,973.4,750,7,15.03,0.95990566
236,157,0,192,0,972.6,749.1,3,13.57,0.813559322
183.9,122.6,0,203.5,0,959.2,800,90,32.53,1.106579663
166.8,250.2,0,203.5,0,975.6,692.6,7,15.75,1.220023981
102,153,0,192,0,887,942,7,7.68,1.882352941
288,192,0,192,0,932,717.8,28,38.8,0.666666667
212,141.3,0,203.5,0,973.4,750,28,33,0.95990566
102,153,0,192,0,887,942,28,17.28,1.882352941
173,116,0,192,0,946.8,856.8,28,24.28,1.10982659
183.9,122.6,0,203.5,0,959.2,800,28,24.05,1.106579663
133,200,0,192,0,927.4,839.2,90,36.59,1.443609023
192,288,0,192,0,929.8,716.1,90,50.73,1
133,200,0,192,0,927.4,839.2,7,13.66,1.443609023
305.3,203.5,0,203.5,0,965.4,631,3,14.14,0.666557484
236,157,0,192,0,972.6,749.1,90,47.78,0.813559322
108.3,162.4,0,203.5,0,938.2,849,3,2.33,1.879039705
157,236,0,192,0,935.4,781.2,7,16.89,1.222929936
288,192,0,192,0,932,717.8,7,23.52,0.666666667
212,141.3,0,203.5,0,973.4,750,3,6.81,0.95990566
212,141.3,0,203.5,0,973.4,750,90,39.7,0.95990566
153,102,0,192,0,888,943.1,28,17.96,1.254901961
236,157,0,192,0,972.6,749.1,28,32.88,0.813559322
116,173,0,192,0,909.8,891.9,28,22.35,1.655172414
183.9,122.6,0,203.5,0,959.2,800,7,10.79,1.106579663
108.3,162.4,0,203.5,0,938.2,849,7,7.72,1.879039705
203.5,305.3,0,203.5,0,963.4,630,28,41.68,1
203.5,305.3,0,203.5,0,963.4,630,3,9.56,1
133,200,0,192,0,927.4,839.2,3,6.88,1.443609023
288,192,0,192,0,932,717.8,90,50.53,0.666666667
200,133,0,192,0,965.4,806.2,7,17.17,0.96
200,133,0,192,0,965.4,806.2,28,30.44,0.96
250.2,166.8,0,203.5,0,977.6,694.1,3,9.73,0.813349321
122.6,183.9,0,203.5,0,958.2,800.1,3,3.32,1.659869494
153,102,0,192,0,888,943.1,90,26.32,1.254901961
200,133,0,192,0,965.4,806.2,90,43.25,0.96
116,173,0,192,0,909.8,891.9,3,6.28,1.655172414
173,116,0,192,0,946.8,856.8,90,32.1,1.10982659
250.2,166.8,0,203.5,0,977.6,694.1,28,36.96,0.813349321
305.3,203.5,0,203.5,0,965.4,631,90,54.6,0.666557484
192,288,0,192,0,929.8,716.1,7,21.48,1
157,236,0,192,0,935.4,781.2,3,9.69,1.222929936
153,102,0,192,0,888,943.1,7,8.37,1.254901961
141.3,212,0,203.5,0,971.8,748.5,90,39.66,1.44019816
116,173,0,192,0,909.8,891.9,7,10.09,1.655172414
141.3,212,0,203.5,0,971.8,748.5,3,4.83,1.44019816
122.6,183.9,0,203.5,0,958.2,800.1,7,10.35,1.659869494
166.8,250.2,0,203.5,0,975.6,692.6,90,43.57,1.220023981
203.5,305.3,0,203.5,0,963.4,630,90,51.86,1
310,0,0,192,0,1012,830,3,11.85,0.619354839
310,0,0,192,0,1012,830,7,17.24,0.619354839
310,0,0,192,0,1012,830,28,27.83,0.619354839
310,0,0,192,0,1012,830,90,35.76,0.619354839
310,0,0,192,0,1012,830,120,38.7,0.619354839
331,0,0,192,0,1025,821,3,14.31,0.580060423
331,0,0,192,0,1025,821,7,17.44,0.580060423
331,0,0,192,0,1025,821,28,31.74,0.580060423
331,0,0,192,0,1025,821,90,37.91,0.580060423
331,0,0,192,0,1025,821,120,39.38,0.580060423
349,0,0,192,0,1056,809,3,15.87,0.550143266
349,0,0,192,0,1056,809,7,9.01,0.550143266
349,0,0,192,0,1056,809,28,33.61,0.550143266
349,0,0,192,0,1056,809,90,40.66,0.550143266
349,0,0,192,0,1056,809,120,40.86,0.550143266
238,0,0,186,0,1119,789,7,12.05,0.781512605
238,0,0,186,0,1119,789,28,17.54,0.781512605
296,0,0,186,0,1090,769,7,18.91,0.628378378
296,0,0,186,0,1090,769,28,25.18,0.628378378
297,0,0,186,0,1040,734,7,30.96,0.626262626
480,0,0,192,0,936,721,28,43.89,0.4
480,0,0,192,0,936,721,90,54.28,0.4
397,0,0,186,0,1040,734,28,36.94,0.468513854
281,0,0,186,0,1104,774,7,14.5,0.661921708
281,0,0,185,0,1104,774,28,22.44,0.658362989
500,0,0,200,0,1125,613,1,12.64,0.4
500,0,0,200,0,1125,613,3,26.06,0.4
500,0,0,200,0,1125,613,7,33.21,0.4
500,0,0,200,0,1125,613,14,36.94,0.4
500,0,0,200,0,1125,613,28,44.09,0.4
540,0,0,173,0,1125,613,7,52.61,0.32037037
540,0,0,173,0,1125,613,14,59.76,0.32037037
540,0,0,173,0,1125,613,28,67.31,0.32037037
540,0,0,173,0,1125,613,90,69.66,0.32037037
540,0,0,173,0,1125,613,180,71.62,0.32037037
540,0,0,173,0,1125,613,270,74.17,0.32037037
350,0,0,203,0,974,775,7,18.13,0.58
350,0,0,203,0,974,775,14,22.53,0.58
350,0,0,203,0,974,775,28,27.34,0.58
350,0,0,203,0,974,775,56,29.98,0.58
350,0,0,203,0,974,775,90,31.35,0.58
350,0,0,203,0,974,775,180,32.72,0.58
385,0,0,186,0,966,763,1,6.27,0.483116883
385,0,0,186,0,966,763,3,14.7,0.483116883
385,0,0,186,0,966,763,7,23.22,0.483116883
385,0,0,186,0,966,763,14,27.92,0.483116883
385,0,0,186,0,966,763,28,31.35,0.483116883
331,0,0,192,0,978,825,180,39,0.580060423
331,0,0,192,0,978,825,360,41.24,0.580060423
349,0,0,192,0,1047,806,3,14.99,0.550143266
331,0,0,192,0,978,825,3,13.52,0.580060423
382,0,0,186,0,1047,739,7,24,0.486910995
382,0,0,186,0,1047,739,28,37.42,0.486910995
382,0,0,186,0,1111,784,7,11.47,0.486910995
281,0,0,186,0,1104,774,28,22.44,0.661921708
339,0,0,185,0,1069,754,7,21.16,0.545722714
339,0,0,185,0,1069,754,28,31.84,0.545722714
295,0,0,185,0,1069,769,7,14.8,0.627118644
295,0,0,185,0,1069,769,28,25.18,0.627118644
238,0,0,185,0,1118,789,28,17.54,0.777310924
296,0,0,192,0,1085,765,7,14.2,0.648648649
296,0,0,192,0,1085,765,28,21.65,0.648648649
296,0,0,192,0,1085,765,90,29.39,0.648648649
331,0,0,192,0,879,825,3,13.52,0.580060423
331,0,0,192,0,978,825,7,16.26,0.580060423
331,0,0,192,0,978,825,28,31.45,0.580060423
331,0,0,192,0,978,825,90,37.23,0.580060423
349,0,0,192,0,1047,806,7,18.13,0.550143266
349,0,0,192,0,1047,806,28,32.72,0.550143266
349,0,0,192,0,1047,806,90,39.49,0.550143266
349,0,0,192,0,1047,806,180,41.05,0.550143266
349,0,0,192,0,1047,806,360,42.13,0.550143266
302,0,0,203,0,974,817,14,18.13,0.67218543
302,0,0,203,0,974,817,180,26.74,0.67218543
525,0,0,189,0,1125,613,180,61.92,0.36
500,0,0,200,0,1125,613,90,47.22,0.4
500,0,0,200,0,1125,613,180,51.04,0.4
500,0,0,200,0,1125,613,270,55.16,0.4
540,0,0,173,0,1125,613,3,41.64,0.32037037
252,0,0,185,0,1111,784,7,13.71,0.734126984
252,0,0,185,0,1111,784,28,19.69,0.734126984
339,0,0,185,0,1060,754,28,31.65,0.545722714
393,0,0,192,0,940,758,3,19.11,0.488549618
393,0,0,192,0,940,758,28,39.58,0.488549618
393,0,0,192,0,940,758,90,48.79,0.488549618
382,0,0,185,0,1047,739,7,24,0.484293194
382,0,0,185,0,1047,739,28,37.42,0.484293194
252,0,0,186,0,1111,784,7,11.47,0.738095238
252,0,0,185,0,1111,784,28,19.69,0.734126984
310,0,0,192,0,970,850,7,14.99,0.619354839
310,0,0,192,0,970,850,28,27.92,0.619354839
310,0,0,192,0,970,850,90,34.68,0.619354839
310,0,0,192,0,970,850,180,37.33,0.619354839
310,0,0,192,0,970,850,360,38.11,0.619354839
525,0,0,189,0,1125,613,3,33.8,0.36
525,0,0,189,0,1125,613,7,42.42,0.36
525,0,0,189,0,1125,613,14,48.4,0.36
525,0,0,189,0,1125,613,28,55.94,0.36
525,0,0,189,0,1125,613,90,58.78,0.36
525,0,0,189,0,1125,613,270,67.11,0.36
322,0,0,203,0,974,800,14,20.77,0.630434783
322,0,0,203,0,974,800,28,25.18,0.630434783
322,0,0,203,0,974,800,180,29.59,0.630434783
302,0,0,203,0,974,817,28,21.75,0.67218543
397,0,0,185,0,1040,734,28,39.09,0.465994962
480,0,0,192,0,936,721,3,24.39,0.4
522,0,0,146,0,896,896,7,50.51,0.279693487
522,0,0,146,0,896,896,28,74.99,0.279693487
273,105,82,210,9,904,680,28,37.17,0.769230769
162,190,148,179,19,838,741,28,33.76,1.104938272
154,144,112,220,10,923,658,28,16.5,1.428571429
147,115,89,202,9,860,829,28,19.99,1.37414966
152,178,139,168,18,944,695,28,36.35,1.105263158
310,143,111,168,22,914,651,28,33.69,0.541935484
144,0,175,158,18,943,844,28,15.42,1.097222222
304,140,0,214,6,895,722,28,33.42,0.703947368
374,0,0,190,7,1013,730,28,39.05,0.50802139
159,149,116,175,15,953,720,28,27.68,1.100628931
153,239,0,200,6,1002,684,28,26.86,1.307189542
310,143,0,168,10,914,804,28,45.3,0.541935484
305,0,100,196,10,959,705,28,30.12,0.642622951
151,0,184,167,12,991,772,28,15.57,1.105960265
142,167,130,174,11,883,785,28,44.61,1.225352113
298,137,107,201,6,878,655,28,53.52,0.674496644
321,164,0,190,5,870,774,28,57.21,0.591900312
366,187,0,191,7,824,757,28,65.91,0.521857923
280,129,100,172,9,825,805,28,52.82,0.614285714
252,97,76,194,8,835,821,28,33.4,0.76984127
165,0,150,182,12,1023,729,28,18.03,1.103030303
156,243,0,180,11,1022,698,28,37.36,1.153846154
160,188,146,203,11,829,710,28,32.84,1.26875
298,0,107,186,6,879,815,28,42.64,0.624161074
318,0,126,210,6,861,737,28,40.06,0.660377358
287,121,94,188,9,904,696,28,41.94,0.655052265
326,166,0,174,9,882,790,28,61.23,0.533742331
356,0,142,193,11,801,778,28,40.87,0.542134831
132,207,161,179,5,867,736,28,33.3,1.356060606
322,149,0,186,8,951,709,28,52.42,0.577639752
164,0,200,181,13,849,846,28,15.09,1.103658537
314,0,113,170,10,925,783,28,38.46,0.541401274
321,0,128,182,11,870,780,28,37.26,0.566978193
140,164,128,237,6,869,656,28,35.23,1.692857143
288,121,0,177,7,908,829,28,42.13,0.614583333
298,0,107,210,11,880,744,28,31.87,0.704697987
265,111,86,195,6,833,790,28,41.54,0.735849057
160,250,0,168,12,1049,688,28,39.45,1.05
166,260,0,183,13,859,827,28,37.91,1.102409639
276,116,90,180,9,870,768,28,44.28,0.652173913
322,0,116,196,10,818,813,28,31.18,0.608695652
149,139,109,193,6,892,780,28,23.69,1.295302013
159,187,0,176,11,990,789,28,32.76,1.106918239
261,100,78,201,9,864,761,28,32.4,0.770114943
237,92,71,247,6,853,695,28,28.63,1.042194093
313,0,113,178,8,1002,689,28,36.8,0.568690096
155,183,0,193,9,1047,697,28,18.28,1.24516129
146,230,0,202,3,827,872,28,33.06,1.383561644
296,0,107,221,11,819,778,28,31.42,0.746621622
133,210,0,196,3,949,795,28,31.03,1.473684211
313,145,0,178,8,867,824,28,44.39,0.568690096
152,0,112,184,8,992,816,28,12.18,1.210526316
153,145,113,178,8,1002,689,28,25.56,1.163398693
140,133,103,200,7,916,753,28,36.44,1.428571429
149,236,0,176,13,847,893,28,32.96,1.181208054
300,0,120,212,10,878,728,28,23.84,0.706666667
153,145,113,178,8,867,824,28,26.23,1.163398693
148,0,137,158,16,1002,830,28,17.95,1.067567568
326,0,138,199,11,801,792,28,40.68,0.610429448
153,145,0,178,8,1000,822,28,19.01,1.163398693
262,111,86,195,5,895,733,28,33.72,0.744274809
158,0,195,220,11,898,713,28,8.54,1.392405063
151,0,185,167,16,1074,678,28,13.46,1.105960265
273,0,90,199,11,931,762,28,32.24,0.728937729
149,118,92,183,7,953,780,28,23.52,1.228187919
143,169,143,191,8,967,643,28,29.72,1.335664336
260,101,78,171,10,936,763,28,49.77,0.657692308
313,161,0,178,10,917,759,28,52.44,0.568690096
284,120,0,168,7,970,794,28,40.93,0.591549296
336,0,0,182,3,986,817,28,44.86,0.541666667
145,0,134,181,11,979,812,28,13.2,1.248275862
150,237,0,174,12,1069,675,28,37.43,1.16
144,170,133,192,8,814,805,28,29.87,1.333333333
331,170,0,195,8,811,802,28,56.61,0.589123867
155,0,143,193,9,1047,697,28,12.46,1.24516129
155,183,0,193,9,877,868,28,23.79,1.24516129
135,0,166,180,10,961,805,28,13.29,1.333333333
266,112,87,178,10,910,745,28,39.42,0.669172932
314,145,113,179,8,869,690,28,46.23,0.570063694
313,145,0,127,8,1000,822,28,44.52,0.405750799
146,173,0,182,3,986,817,28,23.74,1.246575342
144,136,106,178,7,941,774,28,26.14,1.236111111
148,0,182,181,15,839,884,28,15.52,1.222972973
277,117,91,191,7,946,666,28,43.57,0.689530686
298,0,107,164,13,953,784,28,35.86,0.55033557
313,145,0,178,8,1002,689,28,41.05,0.568690096
155,184,143,194,9,880,699,28,28.99,1.251612903
289,134,0,195,6,924,760,28,46.24,0.674740484
148,175,0,171,2,1000,828,28,26.92,1.155405405
145,0,179,202,8,824,869,28,10.54,1.393103448
313,0,0,178,8,1000,822,28,25.1,0.568690096
136,162,126,172,10,923,764,28,29.07,1.264705882
155,0,143,193,9,877,868,28,9.74,1.24516129
255,99,77,189,6,919,749,28,33.8,0.741176471
162,207,172,216,10,822,638,28,39.84,1.333333333
136,196,98,199,6,847,783,28,26.97,1.463235294
164,163,128,197,8,961,641,28,27.23,1.201219512
162,214,164,202,10,820,680,28,30.65,1.24691358
157,214,152,200,9,819,704,28,33.05,1.27388535
149,153,194,192,8,935,623,28,24.58,1.288590604
135,105,193,196,6,965,643,28,21.91,1.451851852
159,209,161,201,7,848,669,28,30.88,1.264150943
144,15,195,176,6,1021,709,28,15.34,1.222222222
154,174,185,228,7,845,612,28,24.34,1.480519481
167,187,195,185,7,898,636,28,23.89,1.107784431
184,86,190,213,6,923,623,28,22.93,1.157608696
156,178,187,221,7,854,614,28,29.41,1.416666667
236.9,91.7,71.5,246.9,6,852.9,695.4,28,28.63,1.042211904
313.3,0,113,178.5,8,1001.9,688.7,28,36.8,0.569741462
154.8,183.4,0,193.3,9.1,1047.4,696.7,28,18.29,1.24870801
145.9,230.5,0,202.5,3.4,827,871.8,28,32.72,1.387936943
296,0,106.7,221.4,10.5,819.2,778.4,28,31.42,0.747972973
133.1,210.2,0,195.7,3.1,949.4,795.3,28,28.94,1.470323065
313.3,145,0,178.5,8,867.2,824,28,40.93,0.569741462
151.6,0,111.9,184.4,7.9,992,815.9,28,12.18,1.216358839
153.1,145,113,178.5,8,1001.9,688.7,28,25.56,1.165904637
139.9,132.6,103.3,200.3,7.4,916,753.4,28,36.44,1.431736955
149.5,236,0,175.8,12.6,846.8,892.7,28,32.96,1.175919732
299.8,0,119.8,211.5,9.9,878.2,727.6,28,23.84,0.705470314
153.1,145,113,178.5,8,867.2,824,28,26.23,1.165904637
148.1,0,136.6,158.1,16.1,1001.8,830.1,28,17.96,1.067521945
326.5,0,137.9,199,10.8,801.1,792.5,28,38.63,0.60949464
152.7,144.7,0,178.1,8,999.7,822.2,28,19.01,1.166339227
261.9,110.5,86.1,195.4,5,895.2,732.6,28,33.72,0.746086292
158.4,0,194.9,219.7,11,897.7,712.9,28,8.54,1.386994949
150.7,0,185.3,166.7,15.6,1074.5,678,28,13.46,1.106171201
272.6,0,89.6,198.7,10.6,931.3,762.2,28,32.25,0.728906823
149,117.6,91.7,182.9,7.1,953.4,780.3,28,23.52,1.227516779
143,169.4,142.7,190.7,8.4,967.4,643.5,28,29.73,1.333566434
259.9,100.6,78.4,170.6,10.4,935.7,762.9,28,49.77,0.65640631
312.9,160.5,0,177.6,9.6,916.6,759.5,28,52.45,0.56759348
284,119.7,0,168.3,7.2,970.4,794.2,28,40.93,0.592605634
336.5,0,0,181.9,3.4,985.8,816.8,28,44.87,0.540564636
144.8,0,133.6,180.8,11.1,979.5,811.5,28,13.2,1.248618785
150,236.8,0,173.8,11.9,1069.3,674.8,28,37.43,1.158666667
143.7,170.2,132.6,191.6,8.5,814.1,805.3,28,29.87,1.333333333
330.5,169.6,0,194.9,8.1,811,802.3,28,56.62,0.589712557
154.8,0,142.8,193.3,9.1,1047.4,696.7,28,12.46,1.24870801
154.8,183.4,0,193.3,9.1,877.2,867.7,28,23.79,1.24870801
134.7,0,165.7,180.2,10,961,804.9,28,13.29,1.337787676
266.2,112.3,87.5,177.9,10.4,909.7,744.5,28,39.42,0.668294515
314,145.3,113.2,178.9,8,869.1,690.2,28,46.23,0.569745223
312.7,144.7,0,127.3,8,999.7,822.2,28,44.52,0.407099456
145.7,172.6,0,181.9,3.4,985.8,816.8,28,23.74,1.248455731
143.8,136.3,106.2,178.1,7.5,941.5,774.3,28,26.15,1.23852573
148.1,0,182.1,181.4,15,838.9,884.3,28,15.53,1.224848076
277,116.8,91,190.6,7,946.5,665.6,28,43.58,0.688086643
298.1,0,107.5,163.6,12.8,953.2,784,28,35.87,0.548809124
313.3,145,0,178.5,8,1001.9,688.7,28,41.05,0.569741462
155.2,183.9,143.2,193.8,9.2,879.6,698.5,28,28.99,1.24871134
289,133.7,0,194.9,5.5,924.1,760.1,28,46.25,0.674394464
147.8,175.1,0,171.2,2.2,1000,828.5,28,26.92,1.158322057
145.4,0,178.9,201.7,7.8,824,868.7,28,10.54,1.387207703
312.7,0,0,178.1,8,999.7,822.2,28,25.1,0.569555484
136.4,161.6,125.8,171.6,10.4,922.6,764.4,28,29.07,1.258064516
154.8,0,142.8,193.3,9.1,877.2,867.7,28,9.74,1.24870801
255.3,98.8,77,188.6,6.5,919,749.3,28,33.8,0.738738739
272.8,105.1,81.8,209.7,9,904,679.7,28,37.17,0.768695015
162,190.1,148.1,178.8,18.8,838.1,741.4,28,33.76,1.103703704
153.6,144.2,112.3,220.1,10.1,923.2,657.9,28,16.5,1.432942708
146.5,114.6,89.3,201.9,8.8,860,829.5,28,19.99,1.378156997
151.8,178.1,138.7,167.5,18.3,944,694.6,28,36.35,1.10342556
309.9,142.8,111.2,167.8,22.1,913.9,651.2,28,38.22,0.541464989
143.6,0,174.9,158.4,17.9,942.7,844.5,28,15.42,1.103064067
303.6,139.9,0,213.5,6.2,895.5,722.5,28,33.42,0.703227931
374.3,0,0,190.2,6.7,1013.2,730.4,28,39.06,0.508148544
158.6,148.9,116,175.1,15,953.3,719.7,28,27.68,1.104035309
152.6,238.7,0,200,6.3,1001.8,683.9,28,26.86,1.31061599
310,142.8,0,167.9,10,914.3,804,28,45.3,0.541612903
304.8,0,99.6,196,9.8,959.4,705.2,28,30.12,0.643044619
150.9,0,183.9,166.6,11.6,991.2,772.2,28,15.57,1.104042412
141.9,166.6,129.7,173.5,10.9,882.6,785.3,28,44.61,1.222692037
297.8,137.2,106.9,201.3,6,878.4,655.3,28,53.52,0.675957018
321.3,164.2,0,190.5,4.6,870,774,28,57.22,0.592903828
366,187,0,191.3,6.6,824.3,756.9,28,65.91,0.522677596
279.8,128.9,100.4,172.4,9.5,825.1,804.9,28,52.83,0.616154396
252.1,97.1,75.6,193.8,8.3,835.5,821.4,28,33.4,0.768742562
164.6,0,150.4,181.6,11.7,1023.3,728.9,28,18.03,1.10328068
155.6,243.5,0,180.3,10.7,1022,697.7,28,37.36,1.15874036
160.2,188,146.4,203.2,11.3,828.7,709.7,28,35.31,1.268414482
298.1,0,107,186.4,6.1,879,815.2,28,42.64,0.625293526
317.9,0,126.5,209.7,5.7,860.5,736.6,28,40.06,0.659641397
287.3,120.5,93.9,187.6,9.2,904.4,695.9,28,43.8,0.652975983
325.6,166.4,0,174,8.9,881.6,790,28,61.24,0.534398034
355.9,0,141.6,193.3,11,801.4,778.4,28,40.87,0.543130093
132,206.5,160.9,178.9,5.5,866.9,735.6,28,33.31,1.35530303
322.5,148.6,0,185.8,8.5,951,709.5,28,52.43,0.576124031
164.2,0,200.1,181.2,12.6,849.3,846,28,15.09,1.103532278
313.8,0,112.6,169.9,10.1,925.3,782.9,28,38.46,0.541427661
321.4,0,127.9,182.5,11.5,870.1,779.7,28,37.27,0.567828251
139.7,163.9,127.7,236.7,5.8,868.6,655.6,28,35.23,1.694345025
288.4,121,0,177.4,7,907.9,829.5,28,42.14,0.615117892
298.2,0,107,209.7,11.1,879.6,744.2,28,31.88,0.703219316
264.5,111,86.5,195.5,5.9,832.6,790.4,28,41.54,0.739130435
159.8,250,0,168.4,12.2,1049.3,688.2,28,39.46,1.053817272
166,259.7,0,183.2,12.7,858.8,826.8,28,37.92,1.103614458
276.4,116,90.3,179.6,8.9,870.1,768.3,28,44.28,0.649782923
322.2,0,115.6,196,10.4,817.9,813.4,28,31.18,0.608317815
148.5,139.4,108.6,192.7,6.1,892.4,780,28,23.7,1.297643098
159.1,186.7,0,175.6,11.3,989.6,788.9,28,32.77,1.10370836
260.9,100.5,78.3,200.6,8.6,864.5,761.5,28,32.4,0.768876964
